INSERT INTO user (name, email) VALUES ('Anna Kurmaz', 'anna_kurmaz@epam.com');
INSERT INTO user (name, email) VALUES ('Duy Minh Le', 'duy_minh_le@epam.com');
INSERT INTO user (name, email) VALUES ('Oleksandr Borysov', 'oleksandr_borysov@epam.com');
INSERT INTO user (name, email) VALUES ('Volodymyr Kara', 'volodymyr_kara@epam.com');
INSERT INTO user (name, email) VALUES ('Viktor Letunovskyi', 'viktor_letunovskyi@epam.com');

INSERT INTO category (id, name) VALUES (1, 'Snacks, Pantry');
INSERT INTO category (id, name) VALUES (2, 'Bathroom');
INSERT INTO category (id, name) VALUES (3, 'Office');
INSERT INTO category (id, name) VALUES (4, 'Coffee/Drinks');
INSERT INTO category (id, name) VALUES (5, 'Laundry');
INSERT INTO category (id, name) VALUES (6, 'Pets');
INSERT INTO category (id, name) VALUES (7, 'Staples');
INSERT INTO category (id, name) VALUES (8, 'Cleaning');

INSERT INTO product (category_id, name, price, image_uri) VALUES (1, 'Chips', 1.53, 'chips.jpg');
INSERT INTO product (category_id, name, price, image_uri) VALUES (1, 'Candy', 3.40, 'candy.jpg');
INSERT INTO product (category_id, name, price, image_uri) VALUES (1, 'Chocolate', 7.20, 'chocolate.jpg');
INSERT INTO product (category_id, name, price, image_uri) VALUES (1, 'Nuts', 3.25, 'nuts.jpg');
INSERT INTO product (category_id, name, price, image_uri) VALUES (1, 'Chocolate almonds', 4.40, 'chocolate_almonds.jpg');
INSERT INTO product (category_id, name, price, image_uri) VALUES (1, 'Dried fruit', 6.50, 'dried-mango.jpg');
INSERT INTO product (category_id, name, price, image_uri) VALUES (2, 'Hand soap', 7.30, 'hand_soap.jpg');
INSERT INTO product (category_id, name, price, image_uri) VALUES (2, 'Body soap', 5.40, 'body_soap.jpg');
INSERT INTO product (category_id, name, price, image_uri) VALUES (2, 'Toilet paper', 4.20, 'toilet_paper.jpg');
INSERT INTO product (category_id, name, price, image_uri) VALUES (2, 'Toothpaste', 2.38, null);
INSERT INTO product (category_id, name, price, image_uri) VALUES (2, 'Toothbrush', 1.73, null);
INSERT INTO product (category_id, name, price, image_uri) VALUES (3, 'Notebook', 1.54, 'notebook.jpg');
INSERT INTO product (category_id, name, price, image_uri) VALUES (3, 'Pen', 0.80, 'pen.jpg');
INSERT INTO product (category_id, name, price, image_uri) VALUES (3, 'Scissors', 4.40, 'scissors.jpg');
INSERT INTO product (category_id, name, price, image_uri) VALUES (4, 'Tassimo pods', 3.24, 'tassimo_pods.jpg');
INSERT INTO product (category_id, name, price, image_uri) VALUES (4, 'Keurig k-cups',8.50, 'keurig_k-cups.jpg');
INSERT INTO product (category_id, name, price, image_uri) VALUES (4, 'Tea', 0.70, null);
INSERT INTO product (category_id, name, price, image_uri) VALUES (5, 'Laundry detergent', 7.35, null);
INSERT INTO product (category_id, name, price, image_uri) VALUES (5, 'Bounce', 3.50, null);
INSERT INTO product (category_id, name, price, image_uri) VALUES (6, 'Pet food', 4.20, null);
INSERT INTO product (category_id, name, price, image_uri) VALUES (6, 'Pet shampoo', 7.10, null);
INSERT INTO product (category_id, name, price, image_uri) VALUES (7, 'Paper towel', 1.82, null);
INSERT INTO product (category_id, name, price, image_uri) VALUES (7, 'Tissue paper', 1.70, null);
INSERT INTO product (category_id, name, price, image_uri) VALUES (7, 'Napkins', 0.80, null);
INSERT INTO product (category_id, name, price, image_uri) VALUES (7, 'Hand sanitizer', 2.20, null);
INSERT INTO product (category_id, name, price, image_uri) VALUES (7, 'Dishwasher pods', 3.20, null);
INSERT INTO product (category_id, name, price, image_uri) VALUES (7, 'Dish soap', 1.10, null);
INSERT INTO product (category_id, name, price, image_uri) VALUES (7, 'Soda stream refills', 4.50, null);
INSERT INTO product (category_id, name, price, image_uri) VALUES (7, 'Brita filters', 3.47, null);
INSERT INTO product (category_id, name, price, image_uri) VALUES (7, 'Baking soda', 4.50, null);
INSERT INTO product (category_id, name, price, image_uri) VALUES (8, 'Cleaning products', 1.80, null);
INSERT INTO product (category_id, name, price, image_uri) VALUES (8, 'Swiffer products', 1.70, null);
